{"cameraMode":{"drawMode":0,"name":"Shaded","section":"Shading Mode"},"sceneLighting":false,"audioPlay":false,"sceneViewState":{"showFog":true,"showMaterialUpdate":false,"showSkybox":false,"showFlares":true,"showImageEffects":true,"showParticleSystems":true},"in2DMode":false,"pivot":{"x":5.199999809265137,"y":3.799999952316284,"z":0.0},"rotation":{"x":0.0011895798379555345,"y":-0.035395462065935138,"z":-0.000042062572902068496,"w":-0.999373733997345},"size":2424.755615234375,"orthographic":false}